watched_hour,genre,unique_users
19,Series Other,3570
20,Series Other,3318
18,Series Other,3138
16,Series Kids,2626
15,Series Kids,2462
17,Series Other,2458
21,Series Other,2360
17,Series Kids,2277
14,Series Kids,2197
19,Own Production,2081
16,Series Other,2070
18,Own Production,2069
15,Series Other,1844
14,Series Other,1810
5,Series Kids,1751
20,Own Production,1738
17,Own Production,1672
22,Series Other,1640
13,Series Kids,1566
13,Series Other,1514
12,Series Other,1349
10,Series Other,1310
11,Series Other,1215
23,Series Other,1214
15,Own Production,1212
18,Series Kids,1211
16,Own Production,1207
9,Series Other,1177
4,Series Kids,1122
8,Series Other,1056
0,Series Other,1047
6,Series Kids,1026
7,Series Other,997
12,Series Kids,979
21,Own Production,910
6,Series Other,866
19,Sports,865
1,Series Other,823
7,Series Kids,761
18,Sports,744
5,Series Other,734
4,Series Other,695
2,Series Other,691
18,Movies Other,685
3,Series Other,674
19,Series Kids,651
19,Other,648
14,Own Production,646
19,Movies Other,640
8,Series Kids,640
18,Other,614
11,Series Kids,613
13,Own Production,606
9,Series Kids,573
10,Series Kids,572
20,Other,557
17,Sports,514
20,Sports,509
17,Movies Other,499
17,Other,488
15,Sports,487
16,Movies Kids,475
22,Own Production,472
11,Own Production,471
12,Own Production,457
20,Movies Other,447
10,Own Production,422
15,Movies Kids,391
14,Movies Kids,386
9,Own Production,376
16,Sports,374
17,Movies Kids,356
16,Other,352
16,Movies Other,344
8,Own Production,331
20,Series Kids,330
13,Movies Kids,325
21,Other,299
15,Movies Other,277
7,Own Production,269
21,Movies Other,268
14,Movies Other,262
6,Own Production,251
3,Series Kids,235
15,Other,231
18,Movies Kids,229
23,Own Production,227
13,Movies Other,220
12,Movies Kids,210
21,Series Kids,209
5,Movies Kids,205
5,Own Production,202
11,Movies Other,191
14,Other,190
10,Movies Other,188
12,Movies Other,188
13,Other,164
22,Other,163
9,Movies Other,160
19,Movies Kids,158
22,Series Kids,157
0,Own Production,146
11,Movies Kids,145
22,Movies Other,142
4,Movies Kids,138
6,Movies Kids,132
8,Movies Kids,130
7,Movies Other,129
12,Other,128
4,Own Production,125
21,Sports,123
8,Movies Other,121
10,Movies Kids,118
10,Other,114
7,Movies Kids,113
9,Movies Kids,111
9,Other,110
1,Own Production,109
0,Series Kids,108
5,Other,107
11,Other,104
2,Series Kids,102
4,Other,101
14,Sports,99
20,Movies Kids,99
7,Other,98
23,Series Kids,97
0,Sports,92
1,Series Kids,89
10,Sports,89
23,Other,86
23,Movies Other,86
8,Other,85
9,Sports,81
6,Movies Other,79
6,Other,78
13,Sports,78
3,Own Production,73
5,Movies Other,73
7,Sports,69
8,Sports,68
0,Movies Other,67
12,Sports,66
11,Sports,65
6,Sports,65
2,Own Production,59
3,Other,59
19,Series Reality,55
22,Sports,53
17,Series Reality,50
5,Sports,50
21,Movies Kids,50
1,Movies Other,49
18,Series Reality,48
15,Series Reality,44
1,Other,44
4,Movies Other,44
16,Series Reality,42
0,Other,41
2,Other,40
14,Series Reality,40
3,Movies Other,37
2,Movies Other,36
13,Series Reality,36
12,Series Reality,34
20,Series Reality,33
22,Movies Kids,32
21,Series Reality,32
3,Sports,32
11,Series Reality,31
3,Movies Kids,29
2,Sports,29
9,Series Reality,27
10,Series Reality,27
4,Sports,24
8,Series Reality,23
22,Series Reality,22
23,Sports,21
5,Series Reality,16
7,Series Reality,16
0,Movies Kids,15
1,Sports,14
23,Movies Kids,14
23,Series Reality,13
1,Movies Kids,12
6,Series Reality,12
2,Series Reality,10
1,Series Reality,10
0,Series Reality,9
4,Series Reality,9
2,Movies Kids,7
3,Series Reality,4
